Contralateral breast cancer,Tubular breast cancer,Locally advanced breast cancer,stage IIIB breast cancer,breast cancer diagnosis,estrogen receptor-positive breast cancer,bilateral breast cancer,progesterone receptor-negative breast cancer,progesterone receptor-positive breast cancer,Mucinous breast cancer,"cellular diagnosis, breast cancer",Family history of breast cancer,HER2-negative breast cancer,contralateral breast cancer,breast cancer prevention,hormone receptor/growth factor receptor-negative breast cancer,Invasive ductal breast cancer,estrogen receptor-negative breast cancer,"stage, breast cancer",Breast cancer invasive NOS,Advanced breast cancer diagnosis
exemestane,Hyaluronic Acid,TOP2A gene|TOP2A,TP53 gene|TP53,Symptoms,ESR1,TP53 gene|TP53,ROS1 gene|ROS1,COG2,erbB-2 Receptor|ERBB2,MicroRNAs,Development of the breasts,cisplatin,Prognosis good,Malignant neoplasm of breast,sacituzumab govitecan,Genes,Trans Fatty Acids,fluorodeoxyglucose,Family history of breast cancer,"Receptors, Progesterone"
Tamoxifen,,TOP2A gene|TOP2A,,Symptoms,Biological Markers,TP53 gene|TP53,,TRIP6 gene|TRIP6,,,Ovarian Carcinoma,"CD69 protein, human|CD69",TP53 gene|TP53,Noninfiltrating Intraductal Carcinoma,sacituzumab govitecan,Phosphatidylethanolamine Binding Protein,"ORF74 protein, Human herpesvirus 8","ST13 protein, human|ST13",Family history of breast cancer,estrogens
Mastectomy,,hydrogen peroxide,,,Oncogenes,Alcohol consumption,,,,,Malignant neoplasm of breast,cisplatin,BRCA2 gene|BRCA2,Disease,sacituzumab govitecan,mitogen-activated protein kinase p38,"ORF74 protein, Human herpesvirus 8",GRHL3,breast cancer prevention,
Tamoxifen,,hydrogen peroxide,,,ESR1,Fatty acid glycerol esters,,,,,Malignant neoplasm of breast,bevacizumab,TP53 gene|TP53,Ovarian Carcinoma,,MDM2 gene|MDM2,GPER1 gene|GPER1,Aromatase,,
Syndrome,,IMPACT gene,,,Oncogenes,Oleic Acid,,,,,Malignant neoplasm of breast,capecitabine,BRCA2 gene|BRCA2,Disease,,MDM2 gene|MDM2,GPER1 gene|GPER1,Stem Cell Factor,,
Carrier of disorder,,erbB-2 Receptor,,,ESR1,Prolactinoma,,,,,Breast cancer invasive NOS,durvalumab,GPER1 gene|GPER1,Malignant neoplasm of breast,,Monocyte Chemoattractant Protein-1,EMP2 gene|EMP2,PAXIP1,,
Encounter due to genetic counseling,,trastuzumab,,,Oncogenes,Tumor Antigens,,,,,Breast cancer invasive NOS,bevacizumab,ATM,Breast cancer invasive NOS,,Proliferating Cell Nuclear Antigen,EMP2 gene|EMP2,Fatty-acid synthase,,
adjuvant therapy,,erbB-2 Receptor|ERBB2,,,cytidylyl-3'-5'-guanosine,Antigens,,,,,Malignant neoplasm of breast,AKR1A1 wt Allele,"GPER protein, human|GPER1",Tumor Initiation,,"Receptors, Steroid",PBX1 gene|PBX1,SHARPIN,,
Pharmaceutical Preparations,,trastuzumab,,,ARID1A gene|ARID1A,Estrogen Receptors,,,,,Malignant neoplasm of breast,cisplatin,Single Nucleotide Polymorphism,,,"Receptors, Steroid|EREG|ESR1",Hepatocyte Growth Factor,DHX32,,
Tamoxifen,,TIGIT gene|TIGIT,,,ARID1A gene|ARID1A,"Receptors, Steroid",,,,,Malignant Neoplasms,thymidine kinase 1,ATM,,,"Receptors, Steroid",GPER1 gene|GPER1,SPDEF,,
Tamoxifen,,"lymphocyte-activation gene 3 protein, human",,,PGR gene|PGR,PGR gene|PGR,,,,,Malignant neoplasm of thyroid,cisplatin,Single Nucleotide Polymorphism,,,Monoclonal Antibodies,EMP2 gene|EMP2,Glycoproteins,,
Fenretinide,,HAVCR2 gene|HAVCR2,,,RNLS gene|RNLS,Estrogens,,,,,Malignant neoplasm of breast,Carcinomatosis,Prune Belly Syndrome,,,Tumor Antigens,PBX1 gene|PBX1,Mica,,
Tamoxifen,,Granulocyte Colony-Stimulating Factor|CSF2|LAMC2,,,ARID1A gene|ARID1A,TP53 gene|TP53,,,,,,Carcinomatosis,Contralateral Prophylactic Mastectomy,,,Metallothionein,PBX1 gene|PBX1,Mica,,
Therapeutic procedure,,HAVCR2 gene|HAVCR2,,,Dietary Iron,TP53 gene|TP53,,,,,,CD68,Pathogenic,,,Proteins,sphingosine kinase-1,Vitamin A,,
Tamoxifen,,TIGIT gene|TIGIT,,,SLC3A2 gene|SLC3A2,ERBB2|NEU1|NEURL1,,,,,,CD163,Pathogenic,,,"SLC5A5 protein, human|SLC5A5",Radon,STK11 gene|STK11,,
Tamoxifen,,"lymphocyte-activation gene 3 protein, human",,,Estrogen Receptors,ATM gene|ATM,,,,,,"T-Cell Surface Glycoprotein CD4, human|CD4",Aromatase Inhibitors,,,Cadherins,AGR2,Urine protein,,
Synthetic antiestrogen,,Responsive Disease,,,ESR1,DNA,,,,,,FOXP3 gene|FOXP3,Malignant Neoplasms,,,Metallothionein,epsin,receptor for advanced glycation endproducts,,
Tamoxifen,,"herstatin protein, human",,,Androgen Receptor,Prognostic Factor,,,,,,bevacizumab,Right-Sided Breast Neoplasms,,,PGR gene|PGR,NF-kappa B,Tumor Markers,,
Tamoxifen,,Physical function,,,IMPACT gene,BRCA1 gene|BRCA1,,,,,,bevacizumab,Contralateral Prophylactic Mastectomy,,,maspin|SERPINB5,E2F5 gene|E2F5,IGF1 gene|IGF1,,
Menopausal Status,,Frailty,,,RNLS gene|RNLS,CHEK2 gene|CHEK2,,,,,,bevacizumab,Smoking,,,"PTTG1 protein, human|PTTG1",Interferon Regulatory Factor 8,Valine,,
Menopausal Status,,Responsive Disease,,,ESR1,PALB2,,,,,,Blindness,Contralateral Prophylactic Mastectomy,,,"PTTG1 protein, human|PTTG1",TWIST1 gene|TWIST1,CD151,,
Tamoxifen,,Tumor Markers,,,RET,TP53 gene|TP53,,,,,,"herstatin protein, human",Breast Therapy,,,Proto-Oncogene Proteins c-akt|AKT1,PRKCQ gene|PRKCQ,survivin,,
Tamoxifen,,Responsive Disease,,,"CCNE1 protein, human|CCNE1",CFC1 gene|CFC1,,,,,,erbB-2 Receptor|ERBB2,Moderate risk,,,Estrogens,Prognosis bad,MIRN106A gene|MIR106A,,
Malignant neoplasm of breast,,Programmed cell death ligand 1,,,"CCNE1 protein, human|CCNE1",Progestins,,,,,,pembrolizumab,Physical function,,,Metallothionein,Syndecan-4,Cytostatic Agents,,
Radiation therapy,,Programmed cell death ligand 1,,,PGR gene|PGR,Estrogens,,,,,,pembrolizumab,Physical function,,,"Receptor, Angiotensin, Type 1",Estrogen Receptor alpha,RANTES|CCL5,,
Tamoxifen,,Pathologic Response,,,FOXM1 gene|FOXM1,TP53 gene|TP53,,,,,,bevacizumab,Mammographic Breast Density,,,Vascular Endothelial Growth Factor D|VEGFA,Transferrin,,,
Tamoxifen,,"CD69 protein, human|CD69",,,Tumor Suppressor Genes,ERBB2 gene|ERBB2,,,,,,bevacizumab,Risk Scores,,,Vascular Endothelial Growth Factor D|VEGFA,Oxytocin Receptor,,,
Tamoxifen,,TP53 gene|TP53,,,Androgen Receptor,ERBB2 gene|ERBB2,,,,,,Challenge:Type:Point in time:^Patient:Nominal,CHEK2 gene|CHEK2,,,N-Myc Downstream Regulated Protein 1|MYC,WDR43 gene|WDR43,,,
anastrozole,,Mucin-1 Antigen,,,Tumor Suppressor Genes,"Contraceptives, Oral",,,,,,AKT1 gene|AKT1,PALB2 gene|PALB2,,,KCNMA1,PLB1 gene|PLB1,,,
Fenretinide,,"HIF1A protein, human|HIF1A",,,SLC3A2 gene|SLC3A2,CISH,,,,,,bevacizumab,Genes,,,RAB25,Estrogen Receptor alpha,,,
Fenretinide,,estrogens,,,IMPACT gene,PTEN Phosphohydrolase|PTEN,,,,,,sunitinib,BRCA2 gene|BRCA2,,,VEGF gene|VEGFA,Androgen Receptor,,,
Tamoxifen,,"Receptors, Progesterone",,,ESR1,ATM gene|ATM,,,,,,MKI67 gene|MKI67,Surviving free of recurrence of neoplastic disease,,,Rho GDIalpha,AMACR wt Allele,,,
Fenretinide,,IMPACT gene,,,Estrogen Receptor alpha,"Muscular Dystrophy, Facioscapulohumeral",,,,,,Inhibitor,IMPACT gene,,,"RNA, Messenger",SLC26A3 gene|SLC26A3,,,
anastrozole,,Membrane Transport Proteins,,,SLC7A8 gene|SLC7A8,BRCA1 gene|BRCA1,,,,,,Copy Number Polymorphism,Increased risk,,,beta catenin,GTF2H1 gene|GTF2H1,,,
anastrozole,,SLC12A1 gene|SLC12A1,,,SLC7A8 gene|SLC7A8,CDKN1A|TCEAL1|NSG1|H3F3AP6,,,,,,IMPACT gene,caveolin 1,,,CTNND1|IGSF1|NOP2|RASA1|BRD8|NSUN5,ACSL4 gene|ACSL4,,,
Tamoxifen,,IMPACT gene,,,IMPACT gene,Claudins,,,,,,trastuzumab deruxtecan,Pathogenic Variant,,,E-Cadherin,"FRAP1 protein, human|MTOR",,,
Selective Estrogen Receptor Modulators,,CDKN2A gene|CDKN2A,,,IGFBP7|SFPQ,claudin 3,,,,,,Poly(ADP-ribose) Polymerases,Pathogenic Variant,,,pigment epithelium-derived factor,everolimus,,,
Tamoxifen,,,,,BCL2 gene|BCL2,Malignant neoplasm of breast,,,,,,IMPACT gene,Hormone Therapy,,,E-Cadherin,everolimus,,,
Tamoxifen,,,,,IMPACT gene,mass cystic,,,,,,IMPACT gene,,,,Ceramide glucosyltransferase,Androgen Receptor,,,
anastrozole,,,,,IGFBP7|SFPQ,Macrophage Activation Syndrome,,,,,,erbB-2 Receptor|ERBB2,,,,Apolipoprotein A-I|APOA1,Carcinogens,,,
Tamoxifen,,,,,NF-kappa B,Cancer-Predisposing Gene,,,,,,Biological Markers,,,,Ceramide glucosyltransferase,Estrogen receptor positive,,,
Arimidex,,,,,PIK3CB wt Allele|PIK3CA|PIK3CB|PIK3CD|PIK3CG,"CD69 protein, human|CD69",,,,,,IMPACT gene,,,,Proto-Oncogene Proteins c-jun|JUN,PLXNB3 gene|PLXNB3,,,
Malignant Neoplasms,,,,,NF-kappa B,NODAL gene,,,,,,pyrotinib,,,,ERBB2|NEU1|NEURL1,"TNFRSF11A protein, human|TNFRSF11A",,,
Treatment Protocols,,,,,DNA,,,,,,,sacituzumab govitecan,,,,beta catenin,Estrogen receptor positive,,,
Estrogen Receptors,,,,,CARM1 gene|CARM1,,,,,,,ado-trastuzumab emtansine|DMPK|IGHD1-7,,,,beta catenin,FANCM gene|FANCM,,,
Therapeutic procedure,,,,,IMPACT gene,,,,,,,Immune,,,,arginyl-glycyl-aspartic acid,Biological Markers,,,
Tamoxifen,,,,,DDX39A,,,,,,,Signal Transduction,,,,Cyclin D1|CCND1,Matrix Metalloproteinases,,,
Aromatase Inhibitors,,,,,Kinome,,,,,,,DNA Repair,,,,survivin,Matrix Metalloproteinases,,,
Cholesterol,,,,,CXXC5 gene|CXXC5,,,,,,,IMPACT gene,,,,survivin,AMACR wt Allele,,,
Aromatase Inhibitors,,,,,PIK3CB wt Allele|PIK3CA|PIK3CB|PIK3CD|PIK3CG,,,,,,,"CDKN2C protein, human|CDKN2C",,,,ERBB2,PIMREG gene|PIMREG,,,
Tamoxifen,,,,,BCL2 gene|BCL2,,,,,,,RNF5 gene|RNF5,,,,ERBB2 gene|ERBB2,"Receptors, Cytoplasmic",,,
Tamoxifen,,,,,CDK6-associated protein p18,,,,,,,eribulin,,,,Ceramide glucosyltransferase,"Receptors, Cytoplasmic",,,
AR gene|AR,,,,,IMPACT gene,,,,,,,nivolumab,,,,Ceramide glucosyltransferase,Possible,,,
anastrozole,,,,,estrogens,,,,,,,erbB-2 Receptor|ERBB2,,,,Regular exercise,glycine,,,
BRCA1 gene|BRCA1,,,,,Kinome,,,,,,,interleukin-10,,,,ADA,"ORF74 protein, Human herpesvirus 8",,,
Mastectomy,,,,,cyclin-dependent kinase 6,,,,,,,"Receptors, Progesterone",,,,Breast Diseases,"ORF74 protein, Human herpesvirus 8",,,
Aromatase Inhibitors,,,,,Androgen Receptor,,,,,,,"Receptors, Progesterone",,,,CDKN2A gene|CDKN2A,"ORF74 protein, Human herpesvirus 8",,,
Mastectomy,,,,,STAT3 gene|STAT3,,,,,,,Cell-Free DNA,,,,E-Cadherin,,,,
Pulmonary toxicity,,,,,RUNX1,,,,,,,CDKN2A gene|CDKN2A,,,,SATB1,,,,
Tamoxifen,,,,,"RNA, Long Untranslated",,,,,,,MKI67 gene|MKI67,,,,Ceramide glucosyltransferase,,,,
anastrozole,,,,,Aromatase,,,,,,,pembrolizumab,,,,Twist Transcription Factor,,,,
CHEK2 gene|CHEK2,,,,,STAT3 gene|STAT3,,,,,,,,,,,TWIST1 gene|TWIST1,,,,
Tamoxifen,,,,,NR2F1-AS1 gene|NR2F1-AS1,,,,,,,,,,,ezrin,,,,
XCL1 gene|XCL1,,,,,LINC00160 gene|LINC00160,,,,,,,,,,,ezrin,,,,
Tamoxifen,,,,,Cyclin-Dependent Kinase Inhibitor Proteins,,,,,,,,,,,E-Cadherin,,,,
ATM gene|ATM,,,,,"RNA, Long Untranslated",,,,,,,,,,,E-Cadherin,,,,
ERBB2|NEU1|NEURL1,,,,,Genes,,,,,,,,,,,Cadherins,,,,
ERBB2|NEU1|NEURL1,,,,,MIR143 gene|MIR143,,,,,,,,,,,Hormone Receptor,,,,
ERBB2|NEU1|NEURL1,,,,,Estrogen Receptor alpha,,,,,,,,,,,Hormone Receptor,,,,
Aromatase Inhibitors,,,,,"RNA, Messenger",,,,,,,,,,,DNA,,,,
Tamoxifen,,,,,MKI67 gene|MKI67,,,,,,,,,,,,,,,
Tamoxifen,,,,,"AGR3 protein, human|AGR3",,,,,,,,,,,,,,,
Aromatase Inhibitors,,,,,Biological Response Modifiers,,,,,,,,,,,,,,,
letrozole,,,,,Genome,,,,,,,,,,,,,,,
exemestane,,,,,COX5A gene|COX5A,,,,,,,,,,,,,,,
anastrozole,,,,,AGR2,,,,,,,,,,,,,,,
Mastectomy,,,,,SPAG5 gene|SPAG5,,,,,,,,,,,,,,,
Mastectomy,,,,,Late Relapse,,,,,,,,,,,,,,,
BRCA1 gene|BRCA1,,,,,C17orf49 gene|C17orf49,,,,,,,,,,,,,,,
Estrogen Antagonists,,,,,Tumor size,,,,,,,,,,,,,,,
Hormone Receptor,,,,,MZB1 gene|MZB1,,,,,,,,,,,,,,,
Fenretinide,,,,,"PIK3CA protein, human|PIK3CA",,,,,,,,,,,,,,,
ATM gene|ATM,,,,,MZB1 gene|MZB1,,,,,,,,,,,,,,,
Ethanol,,,,,tamoxifen,,,,,,,,,,,,,,,
Tamoxifen,,,,,Biological Response Modifiers,,,,,,,,,,,,,,,
Alcohol consumption,,,,,Retinoid X Receptor gamma,,,,,,,,,,,,,,,
Cigarette Smoking,,,,,ITGA8 gene|ITGA8,,,,,,,,,,,,,,,
Mastectomy,,,,,"RNA, Long Untranslated",,,,,,,,,,,,,,,
Maternal history,,,,,ITGA8 gene|ITGA8,,,,,,,,,,,,,,,
Diphosphonates,,,,,Estrogen Receptors,,,,,,,,,,,,,,,
Reproductive History,,,,,XBP1 gene|XBP1,,,,,,,,,,,,,,,
Tamoxifen,,,,,Estrogen Receptor alpha,,,,,,,,,,,,,,,
4-chlorophenyl methyl sulfide,,,,,Oncogenes,,,,,,,,,,,,,,,
Mastectomy,,,,,MicroRNA 205-5p,,,,,,,,,,,,,,,
Mastectomy,,,,,PRR11 gene|PRR11,,,,,,,,,,,,,,,
Mastectomy,,,,,Bombesin Receptor,,,,,,,,,,,,,,,
Mastectomy,,,,,Oncogenes,,,,,,,,,,,,,,,
Tamoxifen,,,,,Estrogen Receptor alpha,,,,,,,,,,,,,,,
Ovariectomy,,,,,"MLL3 protein, human|KMT2C",,,,,,,,,,,,,,,
"Anti-Inflammatory Agents, Non-Steroidal",,,,,Estrogen Receptors,,,,,,,,,,,,,,,
Non-Aspirin,,,,,Oncogenes,,,,,,,,,,,,,,,
Tamoxifen,,,,,Neoplasm Metastasis,,,,,,,,,,,,,,,
Tamoxifen,,,,,USP11 gene|USP11,,,,,,,,,,,,,,,
Compete,,,,,CYP27A1 gene|CYP27A1,,,,,,,,,,,,,,,
Fenretinide,,,,,tumor growth,,,,,,,,,,,,,,,
Tamoxifen,,,,,interleukin-8,,,,,,,,,,,,,,,
Tamoxifen,,,,,interleukin-8,,,,,,,,,,,,,,,
Mastectomy,,,,,MYC,,,,,,,,,,,,,,,
Therapeutic procedure,,,,,ERBB3 Receptor Protein-Tyrosine Kinase|ERBB3,,,,,,,,,,,,,,,
Pharmacotherapy,,,,,Tumor Suppressor Genes,,,,,,,,,,,,,,,
Tamoxifen,,,,,cryptotanshinone,,,,,,,,,,,,,,,
Tamoxifen,,,,,Excitatory Amino Acids,,,,,,,,,,,,,,,
Therapeutic procedure,,,,,"MCM3 protein, human|MCM3",,,,,,,,,,,,,,,
Tamoxifen,,,,,"Diabetes Mellitus, Non-Insulin-Dependent",,,,,,,,,,,,,,,
Body mass index,,,,,GA-Binding Protein Transcription Factor|GABPA|NFE2L2,,,,,,,,,,,,,,,
exemestane,,,,,BECN1 gene|BECN1,,,,,,,,,,,,,,,
Steroidal Aromatase Inhibitor,,,,,"MCM3 protein, human|MCM3",,,,,,,,,,,,,,,
Estrogen Receptor Status,,,,,Androgen Receptor,,,,,,,,,,,,,,,
Ovariectomy,,,,,SLC20A1 gene|SLC20A1,,,,,,,,,,,,,,,
BRCA1 gene|BRCA1,,,,,CDKN2A gene|CDKN2A,,,,,,,,,,,,,,,
BRCA2 gene|BRCA2,,,,,cathepsin V,,,,,,,,,,,,,,,
Mastectomy,,,,,Hepatocyte Nuclear Factor 3-alpha|FOXA1,,,,,,,,,,,,,,,
checkpoint kinase 2,,,,,GATA3 gene|GATA3,,,,,,,,,,,,,,,
Mastectomy,,,,,GATA3 gene|GATA3,,,,,,,,,,,,,,,
ERBB2 gene|ERBB2,,,,,ESR1 gene|ESR1,,,,,,,,,,,,,,,
adjuvant therapy,,,,,cathepsin V,,,,,,,,,,,,,,,
Tamoxifen,,,,,Tumor Suppressor Genes,,,,,,,,,,,,,,,
Hormone Receptor,,,,,"CD69 protein, human|CD69",,,,,,,,,,,,,,,
Mastectomy,,,,,Tumor Suppressor Genes,,,,,,,,,,,,,,,
Mastectomy,,,,,Wild Type,,,,,,,,,,,,,,,
Mastectomy,,,,,lysine,,,,,,,,,,,,,,,
Carrier of disorder,,,,,Malignant neoplasm of breast,,,,,,,,,,,,,,,
BRCA1 gene|BRCA1,,,,,SEMA7A gene|SEMA7A,,,,,,,,,,,,,,,
Tamoxifen,,,,,Flap Endonuclease-1,,,,,,,,,,,,,,,
CCL27 gene|CCL27,,,,,chrysoeriol,,,,,,,,,,,,,,,
Membrane Transport Proteins,,,,,Biological Factors,,,,,,,,,,,,,,,
Mammographic breast density,,,,,CREB-binding protein|CREB1,,,,,,,,,,,,,,,
Carrier of disorder,,,,,Estrogen Receptors,,,,,,,,,,,,,,,
Mastectomy,,,,,MRTFA gene|MKL1,,,,,,,,,,,,,,,
Selective Estrogen Receptor Modulators,,,,,STAT3 gene|STAT3,,,,,,,,,,,,,,,
Tamoxifen,,,,,CYP2D6 gene|CYP2D6,,,,,,,,,,,,,,,
Tamoxifen,,,,,SLC5A1 gene|SLC5A1,,,,,,,,,,,,,,,
Mastectomy,,,,,"EPHB2 protein, human|EPHB2",,,,,,,,,,,,,,,
Reduction - action,,,,,DUXAP8 gene|DUXAP8,,,,,,,,,,,,,,,
Alleles,,,,,FOXD2-AS1 gene|FOXD2-AS1,,,,,,,,,,,,,,,
Not significant,,,,,CDK4,,,,,,,,,,,,,,,
Alleles,,,,,IMPACT gene,,,,,,,,,,,,,,,
Single Nucleotide Polymorphism,,,,,HOXA5 gene|HOXA5,,,,,,,,,,,,,,,
Single Nucleotide Polymorphism,,,,,NUAK2 gene|NUAK2,,,,,,,,,,,,,,,
Single Nucleotide Polymorphism,,,,,LLGL2 gene|LLGL2,,,,,,,,,,,,,,,
Single Nucleotide Polymorphism,,,,,EP300 gene|EP300,,,,,,,,,,,,,,,
Tamoxifen,,,,,NR4A1 gene|NR4A1,,,,,,,,,,,,,,,
Tamoxifen,,,,,OTUD7B gene|OTUD7B,,,,,,,,,,,,,,,
Pharmacotherapy,,,,,Malignant neoplasm of breast,,,,,,,,,,,,,,,
Tamoxifen,,,,,CYP2D6 gene|CYP2D6,,,,,,,,,,,,,,,
Therapeutic procedure,,,,,FGFR1 wt Allele|FGFR1,,,,,,,,,,,,,,,
Tamoxifen,,,,,LINC00963 gene|LINC00963,,,,,,,,,,,,,,,
Estrogen Receptor Status,,,,,NR4A1 gene|NR4A1,,,,,,,,,,,,,,,
Therapeutic procedure,,,,,Estrogen Receptor alpha,,,,,,,,,,,,,,,
Hormone Receptor,,,,,BCL2 gene|BCL2,,,,,,,,,,,,,,,
XCL1 gene|XCL1,,,,,Discoidin Domain Receptor 1,,,,,,,,,,,,,,,
Mastectomy,,,,,CD163,,,,,,,,,,,,,,,
Tamoxifen,,,,,FGFR1 wt Allele|FGFR1,,,,,,,,,,,,,,,
Tamoxifen,,,,,FGFR1 wt Allele|FGFR1,,,,,,,,,,,,,,,
Tamoxifen,,,,,"EPHB2 protein, human|EPHB2",,,,,,,,,,,,,,,
Alendronate,,,,,tamoxifen,,,,,,,,,,,,,,,
Aromatase Inhibitors,,,,,Gene Mutant,,,,,,,,,,,,,,,
Tamoxifen,,,,,MAPT gene|MAPT,,,,,,,,,,,,,,,
desires,,,,,"estrogen receptor alpha, human",,,,,,,,,,,,,,,
DMD|BEST1,,,,,Estrogen Receptors,,,,,,,,,,,,,,,
Obesity,,,,,erbB-2 Receptor|ERBB2,,,,,,,,,,,,,,,
Mastectomy,,,,,Crotoxin,,,,,,,,,,,,,,,
Single Nucleotide Polymorphism,,,,,Estrogen Receptor alpha,,,,,,,,,,,,,,,
Radiation therapy,,,,,CDKN2A gene|CDKN2A,,,,,,,,,,,,,,,
,,,,,Carcinogens,,,,,,,,,,,,,,,
,,,,,STARD3 gene|STARD3,,,,,,,,,,,,,,,
,,,,,WEE1 gene|WEE1,,,,,,,,,,,,,,,
,,,,,TALDO1 gene|TALDO1,,,,,,,,,,,,,,,
,,,,,Cancer-Predisposing Gene,,,,,,,,,,,,,,,
,,,,,Cerebrovascular accident,,,,,,,,,,,,,,,
,,,,,Estrogen Receptor alpha,,,,,,,,,,,,,,,
,,,,,Coronary Arteriosclerosis,,,,,,,,,,,,,,,
,,,,,"Receptors, Progesterone",,,,,,,,,,,,,,,
,,,,,XK gene|XK,,,,,,,,,,,,,,,
,,,,,Histone Deacetylase,,,,,,,,,,,,,,,
,,,,,Parity,,,,,,,,,,,,,,,
,,,,,IMPACT gene,,,,,,,,,,,,,,,
,,,,,SLC39A6 gene|SLC39A6,,,,,,,,,,,,,,,
,,,,,LLGL2 gene|LLGL2,,,,,,,,,,,,,,,
,,,,,CDKN2A gene|CDKN2A,,,,,,,,,,,,,,,
,,,,,"Diabetes Mellitus, Non-Insulin-Dependent",,,,,,,,,,,,,,,
,,,,,synaptotagmin XIII,,,,,,,,,,,,,,,
,,,,,HSD3B1 gene|HSD3B1,,,,,,,,,,,,,,,
,,,,,SLC39A6 gene|SLC39A6,,,,,,,,,,,,,,,
,,,,,CDKN2A gene|CDKN2A,,,,,,,,,,,,,,,
,,,,,thymidine kinase 1,,,,,,,,,,,,,,,
,,,,,estrogens,,,,,,,,,,,,,,,
,,,,,Immune Checkpoint Proteins,,,,,,,,,,,,,,,
,,,,,Estrogen Receptor alpha,,,,,,,,,,,,,,,
,,,,,IMPACT gene,,,,,,,,,,,,,,,
,,,,,Large Neutral Amino Acid-Transporter 1|SLC7A5,,,,,,,,,,,,,,,
,,,,,HSF1 gene|HSF1,,,,,,,,,,,,,,,
,,,,,Genes,,,,,,,,,,,,,,,
,,,,,Triglycerides,,,,,,,,,,,,,,,
,,,,,"FRAP1 protein, human|MTOR",,,,,,,,,,,,,,,
,,,,,Oxidoreductase,,,,,,,,,,,,,,,
,,,,,Tumor Suppressor Genes,,,,,,,,,,,,,,,
,,,,,Apoptosis Inhibiting Proteins,,,,,,,,,,,,,,,
,,,,,Selective Estrogen Receptor Modulators,,,,,,,,,,,,,,,
,,,,,CDC42,,,,,,,,,,,,,,,
,,,,,hepatitis B virus X protein,,,,,,,,,,,,,,,
,,,,,TP53,,,,,,,,,,,,,,,
,,,,,Tumor Promoters,,,,,,,,,,,,,,,
,,,,,MED1 gene|MED1,,,,,,,,,,,,,,,
,,,,,hepatitis B virus X protein,,,,,,,,,,,,,,,
,,,,,B-Cell Leukemia 2 Family Proteins,,,,,,,,,,,,,,,
,,,,,Parity,,,,,,,,,,,,,,,
,,,,,CDK7 gene|CDK7,,,,,,,,,,,,,,,
,,,,,TP53,,,,,,,,,,,,,,,
,,,,,CDK7 gene|CDK7,,,,,,,,,,,,,,,
,,,,,Androgen Receptor,,,,,,,,,,,,,,,
,,,,,MDM2 gene|MDM2,,,,,,,,,,,,,,,
,,,,,Stat3 protein,,,,,,,,,,,,,,,
,,,,,osteopontin,,,,,,,,,,,,,,,
,,,,,GATA3 gene|GATA3,,,,,,,,,,,,,,,
,,,,,GZMK gene|GZMK,,,,,,,,,,,,,,,
,,,,,Tumor Suppressor Genes,,,,,,,,,,,,,,,
,,,,,ROS1 wt Allele|ROS1,,,,,,,,,,,,,,,
,,,,,Tumor Suppressor Genes,,,,,,,,,,,,,,,
,,,,,APBB1 gene|APBB1,,,,,,,,,,,,,,,
,,,,,APBB1 gene|APBB1,,,,,,,,,,,,,,,
,,,,,Environmental Estrogen,,,,,,,,,,,,,,,
,,,,,GZMK gene|GZMK,,,,,,,,,,,,,,,
,,,,,Cyclin-Dependent Kinase 4,,,,,,,,,,,,,,,
,,,,,MDM2 gene|MDM2,,,,,,,,,,,,,,,
,,,,,Large Neutral Amino Acid-Transporter 1|SLC7A5,,,,,,,,,,,,,,,
,,,,,"Receptors, Progesterone",,,,,,,,,,,,,,,
,,,,,GATA3 gene|GATA3,,,,,,,,,,,,,,,
,,,,,Secondary malignant neoplasm of vertebral column,,,,,,,,,,,,,,,
,,,,,osteopontin,,,,,,,,,,,,,,,
,,,,,Acne,,,,,,,,,,,,,,,
,,,,,FMNL2 gene|FMNL2,,,,,,,,,,,,,,,
,,,,,Tumor Suppressor Genes,,,,,,,,,,,,,,,
,,,,,Adrenal Gland Hyperfunction,,,,,,,,,,,,,,,
,,,,,Procedure findings:Finding:Point in time:^Patient:Narrative,,,,,,,,,,,,,,,
,,,,,GATA3 gene|GATA3,,,,,,,,,,,,,,,
,,,,,TP53,,,,,,,,,,,,,,,
,,,,,Binding Proteins,,,,,,,,,,,,,,,
,,,,,fulvestrant,,,,,,,,,,,,,,,
,,,,,MYCBP2 gene|MYCBP2,,,,,,,,,,,,,,,
,,,,,RNA Sequence,,,,,,,,,,,,,,,
,,,,,ESR1,,,,,,,,,,,,,,,
,,,,,Insulin Receptor,,,,,,,,,,,,,,,
,,,,,Phosphotransferases,,,,,,,,,,,,,,,
,,,,,NNAT gene|NNAT,,,,,,,,,,,,,,,
,,,,,Recurrent disease,,,,,,,,,,,,,,,
,,,,,andrographolide,,,,,,,,,,,,,,,
,,,,,NNAT gene|NNAT,,,,,,,,,,,,,,,
,,,,,MYCT1 gene|MYCT1,,,,,,,,,,,,,,,
,,,,,tamoxifen,,,,,,,,,,,,,,,
,,,,,Phosphotransferases,,,,,,,,,,,,,,,
,,,,,estrogens,,,,,,,,,,,,,,,
,,,,,calcium,,,,,,,,,,,,,,,
,,,,,RUNX1,,,,,,,,,,,,,,,
,,,,,MDM2 gene|MDM2,,,,,,,,,,,,,,,
,,,,,Bombesin Receptor,,,,,,,,,,,,,,,
,,,,,ECM1 gene|ECM1,,,,,,,,,,,,,,,
,,,,,HSD3B1 gene|HSD3B1,,,,,,,,,,,,,,,
,,,,,COL11A1 gene|COL11A1,,,,,,,,,,,,,,,
,,,,,MTOR gene|MTOR,,,,,,,,,,,,,,,
,,,,,ECM1 gene|ECM1,,,,,,,,,,,,,,,
,,,,,Tumor Suppressor Genes,,,,,,,,,,,,,,,
,,,,,GATA3 gene|GATA3,,,,,,,,,,,,,,,
,,,,,Pathogenic Variant,,,,,,,,,,,,,,,
,,,,,ECM1 gene|ECM1,,,,,,,,,,,,,,,
,,,,,FOXM1 wt Allele,,,,,,,,,,,,,,,
,,,,,Biological Response Modifiers,,,,,,,,,,,,,,,
,,,,,H19 gene|H19|HILS1,,,,,,,,,,,,,,,
,,,,,"E2F1 protein, human|E2F1|UBE2L3",,,,,,,,,,,,,,,
,,,,,cholecalciferol,,,,,,,,,,,,,,,
,,,,,ESR1,,,,,,,,,,,,,,,
,,,,,genetic element,,,,,,,,,,,,,,,
,,,,,Enhancer of Zeste Homolog 2 Protein,,,,,,,,,,,,,,,
,,,,,HSD3B1 gene|HSD3B1,,,,,,,,,,,,,,,
,,,,,FOSB,,,,,,,,,,,,,,,
,,,,,Lipoprotein (a),,,,,,,,,,,,,,,
,,,,,Aromatase,,,,,,,,,,,,,,,
,,,,,estrogens,,,,,,,,,,,,,,,
,,,,,ATF3 gene|ATF3,,,,,,,,,,,,,,,
,,,,,"Proto-Oncogene c-Fos, human|FOS",,,,,,,,,,,,,,,
,,,,,Fibroblast Growth Factor Receptor 1|FGFR1,,,,,,,,,,,,,,,
,,,,,carbidopa,,,,,,,,,,,,,,,
,,,,,Transforming Growth Factor beta Receptors,,,,,,,,,,,,,,,
,,,,,Oncogene Proteins,,,,,,,,,,,,,,,
,,,,,BRCA2 gene|BRCA2,,,,,,,,,,,,,,,
,,,,,NUS1 gene|NUS1,,,,,,,,,,,,,,,
,,,,,DIO3OS gene|DIO3OS,,,,,,,,,,,,,,,
,,,,,"CD69 protein, human|CD69",,,,,,,,,,,,,,,
,,,,,estradiol,,,,,,,,,,,,,,,
,,,,,RCOR1 gene|RCOR1,,,,,,,,,,,,,,,
,,,,,ANTXR2 gene|ANTXR2,,,,,,,,,,,,,,,
,,,,,Oral intake,,,,,,,,,,,,,,,
,,,,,lysosomal Pro-X carboxypeptidase,,,,,,,,,,,,,,,
,,,,,Opioid Receptor,,,,,,,,,,,,,,,
,,,,,NUS1 gene|NUS1,,,,,,,,,,,,,,,
,,,,,SMUG1 gene|SMUG1,,,,,,,,,,,,,,,
,,,,,ceramide kinase,,,,,,,,,,,,,,,
,,,,,CHEK2,,,,,,,,,,,,,,,
,,,,,ESR1,,,,,,,,,,,,,,,
,,,,,Metabolic marker,,,,,,,,,,,,,,,
,,,,,PDCD1 gene|PDCD1,,,,,,,,,,,,,,,
,,,,,AKTIP gene|AKTIP,,,,,,,,,,,,,,,
,,,,,RNF31 gene|RNF31,,,,,,,,,,,,,,,
,,,,,Tumor Suppressor Genes,,,,,,,,,,,,,,,
,,,,,"RNA, Small Interfering",,,,,,,,,,,,,,,
,,,,,ROS1 wt Allele|ROS1,,,,,,,,,,,,,,,
,,,,,Histone deacetylase inhibitor|HDAC9,,,,,,,,,,,,,,,
,,,,,Vigorous physical activity,,,,,,,,,,,,,,,
,,,,,Phosphoglycerate dehydrogenase,,,,,,,,,,,,,,,
,,,,,Androgen Receptor,,,,,,,,,,,,,,,
,,,,,Androgen Receptor,,,,,,,,,,,,,,,
,,,,,Open Reading Frames,,,,,,,,,,,,,,,
,,,,,IMPACT gene,,,,,,,,,,,,,,,
,,,,,High Level,,,,,,,,,,,,,,,
,,,,,Dietary Intake,,,,,,,,,,,,,,,
,,,,,Tumor Suppressor Genes,,,,,,,,,,,,,,,
,,,,,SRSF5 gene|SRSF5,,,,,,,,,,,,,,,
,,,,,Estrogen Receptors,,,,,,,,,,,,,,,
,,,,,"PTGS2 protein, human|PTGS2",,,,,,,,,,,,,,,
,,,,,CDKN2A gene|CDKN2A,,,,,,,,,,,,,,,
,,,,,"Regulatory Sequences, Nucleic Acid",,,,,,,,,,,,,,,
,,,,,Genes,,,,,,,,,,,,,,,
,,,,,"PTGS2 protein, human|PTGS2",,,,,,,,,,,,,,,
,,,,,XBP1 gene|XBP1,,,,,,,,,,,,,,,
,,,,,Genes,,,,,,,,,,,,,,,
,,,,,Nitric Oxide Synthase Type II|NOS2,,,,,,,,,,,,,,,
,,,,,XBP1 gene|XBP1,,,,,,,,,,,,,,,
,,,,,tamoxifen,,,,,,,,,,,,,,,
,,,,,Nitric Oxide Synthase Type II|NOS2,,,,,,,,,,,,,,,
,,,,,DLD gene|DLD,,,,,,,,,,,,,,,
,,,,,NNAT gene|NNAT,,,,,,,,,,,,,,,
,,,,,p21-Activated Kinase 1|CDKN1A|TCEAL1|NSG1|H3F3AP6,,,,,,,,,,,,,,,
,,,,,p21-Activated Kinase 1|CDKN1A|TCEAL1|NSG1|H3F3AP6,,,,,,,,,,,,,,,
,,,,,Methylnitrosourea,,,,,,,,,,,,,,,
,,,,,"CD274 protein, human|CD274",,,,,,,,,,,,,,,
,,,,,receptor for advanced glycation endproducts,,,,,,,,,,,,,,,
,,,,,LINC02568 gene|LINC02568,,,,,,,,,,,,,,,
,,,,,LINC02568 gene|LINC02568,,,,,,,,,,,,,,,
,,,,,Thrombomodulin,,,,,,,,,,,,,,,
,,,,,NNAT gene|NNAT,,,,,,,,,,,,,,,
,,,,,CITED1 gene|CITED1,,,,,,,,,,,,,,,
,,,,,RET,,,,,,,,,,,,,,,
,,,,,MAGI1 gene|MAGI1,,,,,,,,,,,,,,,
,,,,,GATAD1 gene|GATAD1,,,,,,,,,,,,,,,
,,,,,MicroRNAs,,,,,,,,,,,,,,,
,,,,,Peptide Hydrolases,,,,,,,,,,,,,,,
,,,,,PRMT5 gene|PRMT5,,,,,,,,,,,,,,,
,,,,,estrogens,,,,,,,,,,,,,,,
,,,,,GATAD1 gene|GATAD1,,,,,,,,,,,,,,,
,,,,,FOXA1 gene|FOXA1,,,,,,,,,,,,,,,
,,,,,Estrogen Receptors,,,,,,,,,,,,,,,
,,,,,Gene Feature,,,,,,,,,,,,,,,
,,,,,CAV1 gene|CAV1,,,,,,,,,,,,,,,
,,,,,SPATA13 gene|SPATA13,,,,,,,,,,,,,,,
,,,,,Transcription Repressor/Corepressor,,,,,,,,,,,,,,,
,,,,,Genes,,,,,,,,,,,,,,,
,,,,,Obesity,,,,,,,,,,,,,,,
,,,,,KAT6A gene|KAT6A,,,,,,,,,,,,,,,
,,,,,"Receptors, Opioid, kappa",,,,,,,,,,,,,,,
,,,,,Dried fruit intake,,,,,,,,,,,,,,,
,,,,,Extended Rotated Sidebent,,,,,,,,,,,,,,,
,,,,,TBATA gene|TBATA,,,,,,,,,,,,,,,
,,,,,Single Nucleotide Polymorphism,,,,,,,,,,,,,,,
,,,,,Cytokine Gene,,,,,,,,,,,,,,,
,,,,,SNAI2 gene|SNAI2,,,,,,,,,,,,,,,
,,,,,estrogens,,,,,,,,,,,,,,,
,,,,,RFC3 gene|RFC3,,,,,,,,,,,,,,,
,,,,,Nitric Oxide Synthase Type II|NOS2,,,,,,,,,,,,,,,
,,,,,cathepsin V,,,,,,,,,,,,,,,
,,,,,XBP1 gene|XBP1,,,,,,,,,,,,,,,
,,,,,CCN1 gene|CCNA2|CYR61|PPP3CA,,,,,,,,,,,,,,,
,,,,,Nitric Oxide Synthase,,,,,,,,,,,,,,,
,,,,,CCN1 gene|CCNA2|CYR61|PPP3CA,,,,,,,,,,,,,,,
,,,,,RFC3 gene|RFC3,,,,,,,,,,,,,,,
,,,,,"PTGS2 protein, human|PTGS2",,,,,,,,,,,,,,,
,,,,,cathepsin V,,,,,,,,,,,,,,,
,,,,,Prostaglandin-Endoperoxide Synthase,,,,,,,,,,,,,,,
,,,,,Estrogen Receptor alpha,,,,,,,,,,,,,,,
,,,,,Gene Feature,,,,,,,,,,,,,,,
,,,,,Immune Checkpoint Inhibitors,,,,,,,,,,,,,,,
,,,,,Genes,,,,,,,,,,,,,,,
,,,,,HMGCR gene|HMGCR,,,,,,,,,,,,,,,
,,,,,Proteins,,,,,,,,,,,,,,,
,,,,,Biological Response Modifiers,,,,,,,,,,,,,,,
,,,,,Genes,,,,,,,,,,,,,,,
,,,,,Tumor Suppressor Genes,,,,,,,,,,,,,,,
,,,,,PRMT5 gene|PRMT5,,,,,,,,,,,,,,,
,,,,,RFWD3 gene|RFWD3,,,,,,,,,,,,,,,
,,,,,COL11A1 gene|COL11A1,,,,,,,,,,,,,,,
,,,,,Apolipoprotein A-I|APOA1|LPA,,,,,,,,,,,,,,,
,,,,,Genes,,,,,,,,,,,,,,,
,,,,,FOXC1 gene|FOXC1,,,,,,,,,,,,,,,
,,,,,COL11A1 gene|COL11A1,,,,,,,,,,,,,,,
,,,,,ESR1,,,,,,,,,,,,,,,
,,,,,MIR190B gene|MIR190B,,,,,,,,,,,,,,,
,,,,,Androgens,,,,,,,,,,,,,,,
,,,,,ELAVL2 gene|ELAVL2,,,,,,,,,,,,,,,
,,,,,RFWD3 gene|RFWD3,,,,,,,,,,,,,,,
,,,,,estrogens,,,,,,,,,,,,,,,
,,,,,"ORF74 protein, Human herpesvirus 8",,,,,,,,,,,,,,,
,,,,,Interferons,,,,,,,,,,,,,,,
,,,,,Cell Adhesion Molecules,,,,,,,,,,,,,,,
,,,,,SOX10 gene|SOX10,,,,,,,,,,,,,,,
,,,,,MIR190B gene|MIR190B,,,,,,,,,,,,,,,
,,,,,Tumor Suppressor Genes,,,,,,,,,,,,,,,
,,,,,WDR3 gene|WDR3,,,,,,,,,,,,,,,
,,,,,Inhibitor,,,,,,,,,,,,,,,
,,,,,PDE1B gene|PDE1B,,,,,,,,,,,,,,,
,,,,,CYTOR gene|CYTOR,,,,,,,,,,,,,,,
,,,,,Alzheimer's Disease,,,,,,,,,,,,,,,
,,,,,"FRAP1 protein, human|MTOR",,,,,,,,,,,,,,,
,,,,,"RNA, Long Untranslated",,,,,,,,,,,,,,,
,,,,,Multiple Sclerosis,,,,,,,,,,,,,,,
,,,,,FGFR4,,,,,,,,,,,,,,,
,,,,,Increased risk,,,,,,,,,,,,,,,
,,,,,FGFR4,,,,,,,,,,,,,,,
,,,,,CATHEPSIN D,,,,,,,,,,,,,,,
,,,,,S100A11,,,,,,,,,,,,,,,
,,,,,Alzheimer's Disease,,,,,,,,,,,,,,,
,,,,,"PIK3CB protein, human|PIK3CB",,,,,,,,,,,,,,,
